Zip_Code,County,,
15001,Beaver,,
15003,Beaver,,
15004,Washington,,
15005,Beaver,,
15006,Allegheny,,
15007,Allegheny,,
15009,Beaver,,
15010,Beaver,,
15012,Fayette,,
15014,Allegheny,,
15015,Allegheny,,
15017,Allegheny,,
15018,Allegheny,,
15019,Washington,,
15020,Allegheny,,
15021,Washington,,
15022,Washington,,
15024,Allegheny,,
15025,Allegheny,,
15026,Beaver,,
15027,Beaver,,
15028,Allegheny,,
15030,Allegheny,,
15031,Allegheny,,
15032,Allegheny,,
15033,Washington,,
15034,Allegheny,,
15035,Allegheny,,
15037,Allegheny,,
15038,Washington,,
15042,Beaver,,
15043,Beaver,,
15044,Allegheny,,
15045,Allegheny,,
15046,Allegheny,,
15047,Allegheny,,
15049,Allegheny,,
15050,Beaver,,
15051,Allegheny,,
15052,Beaver,,
15053,Washington,,
15054,Washington,,
15055,Washington,,
15056,Allegheny,,
15057,Washington,,
15059,Beaver,,
15060,Washington,,
15061,Beaver,,
15062,Westmoreland,,
15063,Washington,,
15064,Allegheny,,
15065,Allegheny,,
15066,Beaver,,
15067,Washington,,
15068,Westmoreland,,
15069,Westmoreland,,
15071,Allegheny,,
15072,Westmoreland,,
15074,Beaver,,
15075,Allegheny,,
15076,Allegheny,,
15077,Beaver,,
15078,Washington,,
15081,Beaver,,
15082,Allegheny,,
15083,Westmoreland,,
15084,Allegheny,,
15085,Westmoreland,,
15086,Allegheny,,
15087,Westmoreland,,
15088,Allegheny,,
15089,Westmoreland,,
15090,Allegheny,,
15091,Allegheny,,
15095,Allegheny,,
15096,Allegheny,,
15101,Allegheny,,
15102,Allegheny,,
15104,Allegheny,,
15106,Allegheny,,
15108,Allegheny,,
15110,Allegheny,,
15112,Allegheny,,
15116,Allegheny,,
15120,Allegheny,,
15122,Allegheny,,
15123,Allegheny,,
15126,Allegheny,,
15127,Allegheny,,
15129,Allegheny,,
15131,Allegheny,,
15132,Allegheny,,
15133,Allegheny,,
15134,Allegheny,,
15135,Allegheny,,
15136,Allegheny,,
15137,Allegheny,,
15139,Allegheny,,
15140,Allegheny,,
15142,Allegheny,,
15143,Allegheny,,
15144,Allegheny,,
15145,Allegheny,,
15146,Allegheny,,
15147,Allegheny,,
15148,Allegheny,,
15201,Allegheny,,
15202,Allegheny,,
15203,Allegheny,,
15204,Allegheny,,
15205,Allegheny,,
15206,Allegheny,,
15207,Allegheny,,
15208,Allegheny,,
15209,Allegheny,,
15210,Allegheny,,
15211,Allegheny,,
15212,Allegheny,,
15213,Allegheny,,
15214,Allegheny,,
15215,Allegheny,,
15216,Allegheny,,
15217,Allegheny,,
15218,Allegheny,,
15219,Allegheny,,
15220,Allegheny,,
15221,Allegheny,,
15222,Allegheny,,
15223,Allegheny,,
15224,Allegheny,,
15225,Allegheny,,
15226,Allegheny,,
15227,Allegheny,,
15228,Allegheny,,
15229,Allegheny,,
15230,Allegheny,,
15231,Allegheny,,
15232,Allegheny,,
15233,Allegheny,,
15234,Allegheny,,
15235,Allegheny,,
15236,Allegheny,,
15237,Allegheny,,
15238,Allegheny,,
15239,Allegheny,,
15240,Allegheny,,
15241,Allegheny,,
15242,Allegheny,,
15243,Allegheny,,
15244,Allegheny,,
15250,Allegheny,,
15251,Allegheny,,
15252,Allegheny,,
15253,Allegheny,,
15254,Allegheny,,
15255,Allegheny,,
15257,Allegheny,,
15258,Allegheny,,
15259,Allegheny,,
15260,Allegheny,,
15261,Allegheny,,
15262,Allegheny,,
15263,Allegheny,,
15264,Allegheny,,
15265,Allegheny,,
15267,Allegheny,,
15268,Allegheny,,
15270,Allegheny,,
15272,Allegheny,,
15274,Allegheny,,
15275,Allegheny,,
15276,Allegheny,,
15277,Allegheny,,
15278,Allegheny,,
15279,Allegheny,,
15281,Allegheny,,
15282,Allegheny,,
15283,Allegheny,,
15285,Allegheny,,
15286,Allegheny,,
15289,Allegheny,,
15290,Allegheny,,
15295,Allegheny,,
15301,Washington,,
15310,Greene,,
15311,Washington,,
15312,Washington,,
15313,Washington,,
15314,Washington,,
15315,Greene,,
15316,Greene,,
15317,Washington,,
15320,Greene,,
15321,Washington,,
15322,Greene,,
15323,Washington,,
15324,Washington,,
15325,Greene,,
15327,Greene,,
15329,Washington,,
15330,Washington,,
15331,Washington,,
15332,Washington,,
15333,Washington,,
15334,Greene,,
15336,Washington,,
15337,Greene,,
15338,Greene,,
15339,Washington,,
15340,Washington,,
15341,Greene,,
15342,Washington,,
15344,Greene,,
15345,Washington,,
15346,Greene,,
15347,Washington,,
15348,Washington,,
15349,Greene,,
15350,Washington,,
15351,Greene,,
15352,Greene,,
15353,Greene,,
15357,Greene,,
15358,Washington,,
15359,Greene,,
15360,Washington,,
15361,Washington,,
15362,Greene,,
15363,Washington,,
15364,Greene,,
15365,Washington,,
15366,Washington,,
15367,Washington,,
15368,Washington,,
15370,Greene,,
15376,Washington,,
15377,Washington,,
15378,Washington,,
15379,Washington,,
15380,Greene,,
15401,Fayette,,
15410,Fayette,,
15411,Somerset,,
15412,Washington,,
15413,Fayette,,
15415,Fayette,,
15416,Fayette,,
15417,Fayette,,
15419,Washington,,
15420,Fayette,,
15421,Fayette,,
15422,Fayette,,
15423,Washington,,
15424,Somerset,,
15425,Fayette,,
15427,Washington,,
15428,Fayette,,
15429,Washington,,
15430,Fayette,,
15431,Fayette,,
15432,Washington,,
15433,Fayette,,
15434,Washington,,
15435,Fayette,,
15436,Fayette,,
15437,Fayette,,
15438,Fayette,,
15439,Fayette,,
15440,Fayette,,
15442,Fayette,,
15443,Fayette,,
15444,Fayette,,
15445,Fayette,,
15446,Fayette,,
15447,Fayette,,
15448,Westmoreland,,
15449,Fayette,,
15450,Fayette,,
15451,Fayette,,
15454,Fayette,,
15455,Fayette,,
15456,Fayette,,
15458,Fayette,,
15459,Fayette,,
15460,Fayette,,
15461,Fayette,,
15462,Fayette,,
15463,Fayette,,
15464,Fayette,,
15465,Fayette,,
15466,Fayette,,
15467,Fayette,,
15468,Fayette,,
15469,Fayette,,
15470,Fayette,,
15472,Fayette,,
15473,Fayette,,
15474,Fayette,,
15475,Fayette,,
15476,Fayette,,
15477,Washington,,
15478,Fayette,,
15479,Westmoreland,,
15480,Fayette,,
15482,Fayette,,
15483,Washington,,
15484,Fayette,,
15485,Somerset,,
15486,Fayette,,
15488,Fayette,,
15489,Fayette,,
15490,Fayette,,
15492,Fayette,,
15501,Somerset,,
15502,Somerset,,
15510,Somerset,,
15520,Somerset,,
15521,Bedford,,
15522,Bedford,,
15530,Somerset,,
15531,Somerset,,
15532,Somerset,,
15533,Bedford,,
15534,Bedford,,
15535,Bedford,,
15536,Fulton,,
15537,Bedford,,
15538,Somerset,,
15539,Bedford,,
15540,Somerset,,
15541,Somerset,,
15542,Somerset,,
15544,Somerset,,
15545,Bedford,,
15546,Somerset,,
15547,Somerset,,
15548,Somerset,,
15549,Somerset,,
15550,Bedford,,
15551,Somerset,,
15552,Somerset,,
15553,Somerset,,
15554,Bedford,,
15555,Somerset,,
15557,Somerset,,
15558,Somerset,,
15559,Bedford,,
15560,Somerset,,
15561,Somerset,,
15562,Somerset,,
15563,Somerset,,
15564,Somerset,,
15565,Somerset,,
15601,Westmoreland,,
15605,Westmoreland,,
15606,Westmoreland,,
15610,Westmoreland,,
15611,Westmoreland,,
15612,Westmoreland,,
15613,Westmoreland,,
15615,Westmoreland,,
15616,Westmoreland,,
15617,Westmoreland,,
15618,Westmoreland,,
15619,Westmoreland,,
15620,Westmoreland,,
15621,Westmoreland,,
15622,Westmoreland,,
15623,Westmoreland,,
15624,Westmoreland,,
15625,Westmoreland,,
15626,Westmoreland,,
15627,Westmoreland,,
15628,Westmoreland,,
15629,Westmoreland,,
15631,Fayette,,
15632,Westmoreland,,
15633,Westmoreland,,
15634,Westmoreland,,
15635,Westmoreland,,
15636,Westmoreland,,
15637,Westmoreland,,
15638,Westmoreland,,
15639,Westmoreland,,
15640,Westmoreland,,
15641,Westmoreland,,
15642,Westmoreland,,
15644,Westmoreland,,
15646,Westmoreland,,
15647,Westmoreland,,
15650,Westmoreland,,
15655,Westmoreland,,
15656,Armstrong,,
15658,Westmoreland,,
15660,Westmoreland,,
15661,Westmoreland,,
15662,Westmoreland,,
15663,Westmoreland,,
15664,Westmoreland,,
15665,Westmoreland,,
15666,Westmoreland,,
15668,Westmoreland,,
15670,Westmoreland,,
15671,Westmoreland,,
15672,Westmoreland,,
15673,Armstrong,,
15674,Westmoreland,,
15675,Westmoreland,,
15676,Westmoreland,,
15677,Westmoreland,,
15678,Westmoreland,,
15679,Westmoreland,,
15680,Westmoreland,,
15681,Indiana,,
15682,Armstrong,,
15683,Westmoreland,,
15684,Westmoreland,,
15685,Westmoreland,,
15686,Armstrong,,
15687,Westmoreland,,
15688,Westmoreland,,
15689,Westmoreland,,
15690,Westmoreland,,
15691,Westmoreland,,
15692,Westmoreland,,
15693,Westmoreland,,
15695,Westmoreland,,
15696,Westmoreland,,
15697,Westmoreland,,
15698,Westmoreland,,
15701,Indiana,,
15705,Indiana,,
15710,Indiana,,
15711,Jefferson,,
15712,Indiana,,
15713,Indiana,,
15714,Cambria,,
15715,Jefferson,,
15716,Indiana,,
15717,Indiana,,
15720,Indiana,,
15721,Clearfield,,
15722,Cambria,,
15723,Indiana,,
15724,Indiana,,
15725,Indiana,,
15727,Indiana,,
15728,Indiana,,
15729,Indiana,,
15730,Jefferson,,
15731,Indiana,,
15732,Indiana,,
15733,Jefferson,,
15734,Indiana,,
15736,Armstrong,,
15737,Cambria,,
15738,Cambria,,
15739,Indiana,,
15740,Jefferson,,
15741,Indiana,,
15742,Indiana,,
15744,Jefferson,,
15745,Indiana,,
15746,Indiana,,
15747,Indiana,,
15748,Indiana,,
15750,Indiana,,
15752,Indiana,,
15753,Clearfield,,
15754,Indiana,,
15756,Indiana,,
15757,Clearfield,,
15758,Indiana,,
15759,Indiana,,
15760,Cambria,,
15761,Indiana,,
15762,Cambria,,
15763,Indiana,,
15764,Jefferson,,
15765,Indiana,,
15767,Jefferson,,
15770,Jefferson,,
15771,Indiana,,
15772,Indiana,,
15773,Cambria,,
15774,Indiana,,
15775,Cambria,,
15776,Jefferson,,
15777,Indiana,,
15778,Jefferson,,
15779,Westmoreland,,
15780,Jefferson,,
15781,Jefferson,,
15783,Indiana,,
15784,Jefferson,,
15801,Clearfield,,
15821,Elk,,
15822,Elk,,
15823,Elk,,
15824,Jefferson,,
15825,Jefferson,,
15827,Elk,,
15828,Forest,,
15829,Jefferson,,
15831,Elk,,
15832,Cameron,,
15834,Cameron,,
15840,Jefferson,,
15841,Elk,,
15845,Elk,,
15846,Elk,,
15847,Jefferson,,
15848,Clearfield,,
15849,Clearfield,,
15851,Jefferson,,
15853,Elk,,
15856,Clearfield,,
15857,Elk,,
15860,Jefferson,,
15861,Cameron,,
15863,Jefferson,,
15864,Jefferson,,
15865,Jefferson,,
15866,Clearfield,,
15868,Elk,,
15870,Elk,,
15901,Cambria,,
15902,Cambria,,
15904,Cambria,,
15905,Cambria,,
15906,Cambria,,
15907,Cambria,,
15909,Cambria,,
15915,Cambria,,
15920,Indiana,,
15921,Cambria,,
15922,Cambria,,
15923,Westmoreland,,
15924,Somerset,,
15925,Cambria,,
15926,Somerset,,
15927,Cambria,,
15928,Somerset,,
15929,Indiana,,
15930,Cambria,,
15931,Cambria,,
15934,Cambria,,
15935,Somerset,,
15936,Somerset,,
15937,Somerset,,
15938,Cambria,,
15940,Cambria,,
15942,Cambria,,
15943,Cambria,,
15944,Westmoreland,,
15945,Cambria,,
15946,Cambria,,
15948,Cambria,,
15949,Indiana,,
15951,Cambria,,
15952,Cambria,,
15953,Somerset,,
15954,Westmoreland,,
15955,Cambria,,
15956,Cambria,,
15957,Indiana,,
15958,Cambria,,
15959,Somerset,,
15960,Cambria,,
15961,Cambria,,
15962,Cambria,,
15963,Somerset,,
16001,Butler,,
16002,Butler,,
16003,Butler,,
16016,Butler,,
16017,Butler,,
16018,Butler,,
16020,Butler,,
16021,Butler,,
16022,Butler,,
16023,Butler,,
16024,Butler,,
16025,Butler,,
16027,Butler,,
16028,Clarion,,
16029,Butler,,
16030,Butler,,
16033,Butler,,
16034,Butler,,
16035,Butler,,
16036,Clarion,,
16037,Butler,,
16038,Butler,,
16039,Butler,,
16040,Butler,,
16041,Butler,,
16045,Butler,,
16046,Butler,,
16048,Butler,,
16049,Armstrong,,
16050,Butler,,
16051,Butler,,
16052,Butler,,
16053,Butler,,
16054,Clarion,,
16055,Butler,,
16056,Butler,,
16057,Butler,,
16058,Clarion,,
16059,Butler,,
16061,Butler,,
16063,Butler,,
16066,Butler,,
16101,Lawrence,,
16102,Lawrence,,
16103,Lawrence,,
16105,Lawrence,,
16107,Lawrence,,
16108,Lawrence,,
16110,Crawford,,
16111,Crawford,,
16112,Lawrence,,
16113,Mercer,,
16114,Mercer,,
16115,Beaver,,
16116,Lawrence,,
16117,Lawrence,,
16120,Lawrence,,
16121,Mercer,,
16123,Beaver,,
16124,Mercer,,
16125,Mercer,,
16127,Mercer,,
16130,Mercer,,
16131,Crawford,,
16132,Lawrence,,
16133,Mercer,,
16134,Mercer,,
16136,Beaver,,
16137,Mercer,,
16140,Lawrence,,
16141,Beaver,,
16142,Lawrence,,
16143,Lawrence,,
16145,Mercer,,
16146,Mercer,,
16148,Mercer,,
16150,Mercer,,
16151,Mercer,,
16153,Mercer,,
16154,Mercer,,
16155,Lawrence,,
16156,Lawrence,,
16157,Lawrence,,
16159,Mercer,,
16160,Lawrence,,
16161,Mercer,,
16172,Lawrence,,
16201,Armstrong,,
16210,Armstrong,,
16211,Indiana,,
16212,Armstrong,,
16213,Clarion,,
16214,Clarion,,
16215,Armstrong,,
16217,Forest,,
16218,Armstrong,,
16220,Clarion,,
16221,Clarion,,
16222,Armstrong,,
16223,Armstrong,,
16224,Clarion,,
16225,Clarion,,
16226,Armstrong,,
16228,Armstrong,,
16229,Armstrong,,
16230,Clarion,,
16232,Clarion,,
16233,Clarion,,
16234,Clarion,,
16235,Clarion,,
16236,Armstrong,,
16238,Armstrong,,
16239,Forest,,
16240,Clarion,,
16242,Clarion,,
16244,Armstrong,,
16245,Armstrong,,
16246,Indiana,,
16248,Clarion,,
16249,Armstrong,,
16250,Armstrong,,
16253,Armstrong,,
16254,Clarion,,
16255,Clarion,,
16256,Indiana,,
16257,Clarion,,
16258,Clarion,,
16259,Armstrong,,
16260,Clarion,,
16261,Armstrong,,
16262,Armstrong,,
16263,Armstrong,,
16301,Venango,,
16311,Mercer,,
16312,Warren,,
16313,Warren,,
16314,Crawford,,
16316,Crawford,,
16317,Venango,,
16319,Venango,,
16321,Forest,,
16322,Forest,,
16323,Venango,,
16326,Clarion,,
16327,Crawford,,
16328,Crawford,,
16329,Warren,,
16331,Clarion,,
16332,Clarion,,
16333,Mckean,,
16334,Clarion,,
16335,Crawford,,
16340,Warren,,
16341,Venango,,
16342,Venango,,
16343,Venango,,
16344,Venango,,
16345,Warren,,
16346,Venango,,
16347,Warren,,
16350,Warren,,
16351,Warren,,
16352,Warren,,
16353,Forest,,
16354,Crawford,,
16360,Crawford,,
16361,Clarion,,
16362,Venango,,
16364,Venango,,
16365,Warren,,
16366,Warren,,
16367,Warren,,
16368,Warren,,
16369,Warren,,
16370,Forest,,
16371,Warren,,
16372,Venango,,
16373,Venango,,
16374,Venango,,
16375,Clarion,,
16388,Crawford,,
16401,Erie,,
16402,Warren,,
16403,Crawford,,
16404,Crawford,,
16405,Warren,,
16406,Crawford,,
16407,Erie,,
16410,Erie,,
16411,Erie,,
16412,Erie,,
16413,Erie,,
16415,Erie,,
16416,Warren,,
16417,Erie,,
16420,Warren,,
16421,Erie,,
16422,Crawford,,
16423,Erie,,
16424,Crawford,,
16426,Erie,,
16427,Erie,,
16428,Erie,,
16430,Erie,,
16432,Crawford,,
16433,Crawford,,
16434,Crawford,,
16435,Crawford,,
16436,Warren,,
16438,Erie,,
16440,Crawford,,
16441,Erie,,
16442,Erie,,
16443,Erie,,
16444,Erie,,
16475,Erie,,
16501,Erie,,
16502,Erie,,
16503,Erie,,
16504,Erie,,
16505,Erie,,
16506,Erie,,
16507,Erie,,
16508,Erie,,
16509,Erie,,
16510,Erie,,
16511,Erie,,
16512,Erie,,
16514,Erie,,
16515,Erie,,
16522,Erie,,
16530,Erie,,
16531,Erie,,
16532,Erie,,
16533,Erie,,
16534,Erie,,
16538,Erie,,
16541,Erie,,
16544,Erie,,
16546,Erie,,
16550,Erie,,
16553,Erie,,
16554,Erie,,
16563,Erie,,
16565,Erie,,
16601,Blair,,
16602,Blair,,
16603,Blair,,
16611,Huntingdon,,
16613,Cambria,,
16616,Clearfield,,
16617,Blair,,
16619,Cambria,,
16620,Clearfield,,
16621,Huntingdon,,
16622,Huntingdon,,
16623,Huntingdon,,
16624,Cambria,,
16625,Blair,,
16627,Clearfield,,
16629,Cambria,,
16630,Cambria,,
16631,Blair,,
16633,Bedford,,
16634,Huntingdon,,
16635,Blair,,
16636,Cambria,,
16637,Blair,,
16638,Huntingdon,,
16639,Cambria,,
16640,Cambria,,
16641,Cambria,,
16644,Cambria,,
16645,Clearfield,,
16646,Cambria,,
16647,Huntingdon,,
16648,Blair,,
16650,Bedford,,
16651,Clearfield,,
16652,Huntingdon,,
16654,Huntingdon,,
16655,Bedford,,
16656,Clearfield,,
16657,Huntingdon,,
16659,Bedford,,
16660,Huntingdon,,
16661,Clearfield,,
16662,Blair,,
16663,Clearfield,,
16664,Bedford,,
16665,Blair,,
16666,Clearfield,,
16667,Bedford,,
16667,Bedford,,
16668,Cambria,,
16669,Huntingdon,,
16670,Bedford,,
16671,Clearfield,,
16672,Bedford,,
16673,Blair,,
16674,Huntingdon,,
16675,Cambria,,
16677,Centre,,
16678,Bedford,,
16679,Bedford,,
16680,Clearfield,,
16681,Clearfield,,
16682,Blair,,
16683,Huntingdon,,
16684,Blair,,
16685,Huntingdon,,
16686,Blair,,
16689,Fulton,,
16691,Fulton,,
16692,Clearfield,,
16693,Blair,,
16694,Bedford,,
16695,Bedford,,
16698,Clearfield,,
16699,Cambria,,
16701,Mckean,,
16720,Potter,,
16724,Mckean,,
16725,Mckean,,
16726,Mckean,,
16727,Mckean,,
16728,Elk,,
16729,Mckean,,
16730,Mckean,,
16731,Mckean,,
16732,Mckean,,
16733,Mckean,,
16734,Elk,,
16735,Mckean,,
16738,Mckean,,
16740,Mckean,,
16743,Mckean,,
16744,Mckean,,
16745,Mckean,,
16746,Potter,,
16748,Potter,,
16749,Mckean,,
16750,Mckean,,
16801,Centre,,
16802,Centre,,
16803,Centre,,
16804,Centre,,
16805,Centre,,
16820,Centre,,
16821,Clearfield,,
16822,Clinton,,
16823,Centre,,
16825,Clearfield,,
16826,Centre,,
16827,Centre,,
16828,Centre,,
16829,Centre,,
16830,Clearfield,,
16832,Centre,,
16833,Clearfield,,
16834,Clearfield,,
16835,Centre,,
16836,Clearfield,,
16837,Clearfield,,
16838,Clearfield,,
16839,Clearfield,,
16840,Clearfield,,
16841,Centre,,
16843,Clearfield,,
16844,Centre,,
16845,Clearfield,,
16847,Clearfield,,
16848,Clinton,,
16849,Clearfield,,
16850,Clearfield,,
16851,Centre,,
16852,Centre,,
16853,Centre,,
16854,Centre,,
16855,Clearfield,,
16856,Centre,,
16858,Clearfield,,
16859,Centre,,
16860,Clearfield,,
16861,Clearfield,,
16863,Clearfield,,
16864,Centre,,
16865,Centre,,
16866,Centre,,
16868,Centre,,
16870,Centre,,
16871,Clearfield,,
16872,Centre,,
16873,Clearfield,,
16874,Centre,,
16875,Centre,,
16876,Clearfield,,
16877,Huntingdon,,
16878,Clearfield,,
16879,Clearfield,,
16881,Clearfield,,
16882,Centre,,
16901,Tioga,,
16910,Bradford,,
16911,Tioga,,
16912,Tioga,,
16914,Bradford,,
16915,Potter,,
16917,Tioga,,
16918,Tioga,,
16920,Tioga,,
16921,Tioga,,
16922,Potter,,
16923,Potter,,
16925,Bradford,,
16926,Bradford,,
16927,Potter,,
16928,Tioga,,
16929,Tioga,,
16930,Tioga,,
16932,Tioga,,
16933,Tioga,,
16935,Tioga,,
16936,Tioga,,
16937,Potter,,
16938,Tioga,,
16939,Tioga,,
16940,Tioga,,
16941,Potter,,
16942,Tioga,,
16943,Tioga,,
16945,Bradford,,
16946,Tioga,,
16947,Bradford,,
16948,Potter,,
16950,Tioga,,
17001,Cumberland,,
17002,Mifflin,,
17003,Lebanon,,
17004,Mifflin,,
17005,Dauphin,,
17006,Perry,,
17007,Cumberland,,
17008,Cumberland,,
17009,Mifflin,,
17010,Lebanon,,
17011,Cumberland,,
17012,Cumberland,,
17013,Cumberland,,
17014,Juniata,,
17015,Cumberland,,
17016,Lebanon,,
17017,Northumberland,,
17018,Dauphin,,
17019,York,,
17020,Perry,,
17021,Juniata,,
17022,Lancaster,,
17023,Dauphin,,
17024,Perry,,
17025,Cumberland,,
17026,Lebanon,,
17027,Cumberland,,
17028,Dauphin,,
17029,Mifflin,,
17030,Dauphin,,
17032,Dauphin,,
17033,Dauphin,,
17034,Dauphin,,
17035,Juniata,,
17036,Dauphin,,
17037,Perry,,
17038,Lebanon,,
17039,Lebanon,,
17040,Perry,,
17041,Lebanon,,
17042,Lebanon,,
17043,Cumberland,,
17044,Mifflin,,
17045,Perry,,
17046,Lebanon,,
17047,Perry,,
17048,Dauphin,,
17049,Juniata,,
17050,Cumberland,,
17051,Mifflin,,
17052,Huntingdon,,
17053,Perry,,
17054,Mifflin,,
17055,Cumberland,,
17056,Juniata,,
17057,Dauphin,,
17058,Juniata,,
17059,Juniata,,
17060,Huntingdon,,
17061,Dauphin,,
17062,Perry,,
17063,Mifflin,,
17064,Lebanon,,
17065,Cumberland,,
17066,Huntingdon,,
17067,Lebanon,,
17068,Perry,,
17069,Perry,,
17070,Cumberland,,
17071,Perry,,
17072,Cumberland,,
17073,Lebanon,,
17074,Perry,,
17075,Mifflin,,
17076,Juniata,,
17077,Lebanon,,
17078,Lebanon,,
17080,Dauphin,,
17081,Cumberland,,
17082,Juniata,,
17083,Lebanon,,
17084,Mifflin,,
17085,Lebanon,,
17086,Juniata,,
17087,Lebanon,,
17088,Lebanon,,
17089,Cumberland,,
17090,Perry,,
17091,Lebanon,,
17093,Cumberland,,
17094,Juniata,,
17097,Dauphin,,
17098,Dauphin,,
17099,Mifflin,,
17101,Dauphin,,
17102,Dauphin,,
17103,Dauphin,,
17104,Dauphin,,
17105,Dauphin,,
17106,Dauphin,,
17107,Dauphin,,
17108,Dauphin,,
17109,Dauphin,,
17110,Dauphin,,
17111,Dauphin,,
17112,Dauphin,,
17113,Dauphin,,
17120,Dauphin,,
17121,Dauphin,,
17122,Dauphin,,
17123,Dauphin,,
17124,Dauphin,,
17125,Dauphin,,
17126,Dauphin,,
17127,Dauphin,,
17128,Dauphin,,
17129,Dauphin,,
17130,Dauphin,,
17140,Dauphin,,
17177,Dauphin,,
17201,Franklin,,
17210,Franklin,,
17211,Bedford,,
17212,Fulton,,
17213,Huntingdon,,
17214,Franklin,,
17215,Fulton,,
17217,Franklin,,
17219,Franklin,,
17220,Franklin,,
17221,Franklin,,
17222,Franklin,,
17223,Fulton,,
17224,Franklin,,
17225,Franklin,,
17228,Fulton,,
17229,Fulton,,
17231,Franklin,,
17232,Franklin,,
17233,Fulton,,
17235,Franklin,,
17236,Franklin,,
17237,Franklin,,
17238,Fulton,,
17239,Huntingdon,,
17240,Cumberland,,
17241,Cumberland,,
17243,Huntingdon,,
17244,Franklin,,
17246,Franklin,,
17247,Franklin,,
17249,Huntingdon,,
17250,Franklin,,
17251,Franklin,,
17252,Franklin,,
17253,Huntingdon,,
17254,Franklin,,
17255,Huntingdon,,
17256,Franklin,,
17257,Cumberland,,
17260,Huntingdon,,
17261,Franklin,,
17262,Franklin,,
17263,Franklin,,
17264,Huntingdon,,
17265,Franklin,,
17266,Cumberland,,
17267,Fulton,,
17268,Franklin,,
17270,Franklin,,
17271,Franklin,,
17272,Franklin,,
17301,Adams,,
17302,York,,
17303,Adams,,
17304,Adams,,
17306,Adams,,
17307,Adams,,
17309,York,,
17310,Adams,,
17311,York,,
17312,York,,
17313,York,,
17314,York,,
17315,York,,
17316,Adams,,
17317,York,,
17318,York,,
17319,York,,
17320,Adams,,
17321,York,,
17322,York,,
17323,York,,
17324,Adams,,
17325,Adams,,
17326,Adams,,
17327,York,,
17329,York,,
17331,York,,
17332,York,,
17333,York,,
17334,York,,
17337,Adams,,
17339,York,,
17340,Adams,,
17342,York,,
17343,Adams,,
17344,Adams,,
17345,York,,
17347,York,,
17349,York,,
17350,Adams,,
17352,York,,
17353,Adams,,
17354,York,,
17355,York,,
17356,York,,
17358,York,,
17360,York,,
17361,York,,
17362,York,,
17363,York,,
17364,York,,
17365,York,,
17366,York,,
17368,York,,
17370,York,,
17371,York,,
17372,Adams,,
17375,Adams,,
17401,York,,
17402,York,,
17403,York,,
17404,York,,
17405,York,,
17406,York,,
17407,York,,
17408,York,,
17415,York,,
17501,Lancaster,,
17502,Lancaster,,
17503,Lancaster,,
17504,Lancaster,,
17505,Lancaster,,
17506,Lancaster,,
17507,Lancaster,,
17508,Lancaster,,
17509,Lancaster,,
17512,Lancaster,,
17516,Lancaster,,
17517,Lancaster,,
17518,Lancaster,,
17519,Lancaster,,
17520,Lancaster,,
17521,Lancaster,,
17522,Lancaster,,
17527,Lancaster,,
17528,Lancaster,,
17529,Lancaster,,
17532,Lancaster,,
17533,Lancaster,,
17534,Lancaster,,
17535,Lancaster,,
17536,Lancaster,,
17537,Lancaster,,
17538,Lancaster,,
17540,Lancaster,,
17543,Lancaster,,
17545,Lancaster,,
17547,Lancaster,,
17549,Lancaster,,
17550,Lancaster,,
17551,Lancaster,,
17552,Lancaster,,
17554,Lancaster,,
17555,Lancaster,,
17557,Lancaster,,
17560,Lancaster,,
17562,Lancaster,,
17563,Lancaster,,
17564,Lancaster,,
17565,Lancaster,,
17566,Lancaster,,
17567,Lancaster,,
17568,Lancaster,,
17569,Lancaster,,
17570,Lancaster,,
17572,Lancaster,,
17573,Lancaster,,
17575,Lancaster,,
17576,Lancaster,,
17578,Lancaster,,
17579,Lancaster,,
17580,Lancaster,,
17581,Lancaster,,
17582,Lancaster,,
17583,Lancaster,,
17584,Lancaster,,
17585,Lancaster,,
17601,Lancaster,,
17602,Lancaster,,
17603,Lancaster,,
17604,Lancaster,,
17605,Lancaster,,
17606,Lancaster,,
17607,Lancaster,,
17608,Lancaster,,
17611,Lancaster,,
17699,Lancaster,,
17701,Lycoming,,
17702,Lycoming,,
17703,Lycoming,,
17705,Lycoming,,
17720,Lycoming,,
17721,Clinton,,
17723,Lycoming,,
17724,Bradford,,
17726,Clinton,,
17727,Lycoming,,
17728,Lycoming,,
17729,Potter,,
17730,Northumberland,,
17731,Sullivan,,
17735,Bradford,,
17737,Lycoming,,
17738,Clinton,,
17739,Lycoming,,
17740,Lycoming,,
17742,Lycoming,,
17744,Lycoming,,
17745,Clinton,,
17747,Clinton,,
17748,Clinton,,
17749,Northumberland,,
17750,Clinton,,
17751,Clinton,,
17752,Lycoming,,
17754,Lycoming,,
17756,Lycoming,,
17758,Sullivan,,
17760,Clinton,,
17762,Lycoming,,
17763,Lycoming,,
17764,Clinton,,
17765,Tioga,,
17767,Clinton,,
17768,Sullivan,,
17769,Lycoming,,
17771,Lycoming,,
17772,Northumberland,,
17773,Clinton,,
17774,Lycoming,,
17776,Lycoming,,
17777,Northumberland,,
17778,Clinton,,
17779,Clinton,,
17801,Northumberland,,
17810,Union,,
17812,Snyder,,
17813,Snyder,,
17814,Columbia,,
17815,Columbia,,
17820,Columbia,,
17821,Montour,,
17822,Montour,,
17823,Northumberland,,
17824,Northumberland,,
17827,Snyder,,
17829,Union,,
17830,Northumberland,,
17831,Snyder,,
17832,Northumberland,,
17833,Snyder,,
17834,Northumberland,,
17835,Union,,
17836,Northumberland,,
17837,Union,,
17839,Columbia,,
17840,Northumberland,,
17841,Mifflin,,
17842,Snyder,,
17843,Snyder,,
17844,Union,,
17845,Union,,
17846,Columbia,,
17847,Northumberland,,
17850,Northumberland,,
17851,Northumberland,,
17853,Snyder,,
17855,Union,,
17856,Union,,
17857,Northumberland,,
17858,Columbia,,
17859,Columbia,,
17860,Northumberland,,
17861,Snyder,,
17862,Snyder,,
17864,Snyder,,
17865,Northumberland,,
17866,Northumberland,,
17867,Northumberland,,
17868,Northumberland,,
17870,Snyder,,
17872,Northumberland,,
17876,Snyder,,
17877,Northumberland,,
17878,Columbia,,
17880,Union,,
17881,Northumberland,,
17882,Snyder,,
17883,Union,,
17884,Montour,,
17885,Union,,
17886,Union,,
17887,Union,,
17888,Columbia,,
17889,Union,,
17901,Schuylkill,,
17920,Columbia,,
17921,Schuylkill,,
17922,Schuylkill,,
17923,Schuylkill,,
17925,Schuylkill,,
17929,Schuylkill,,
17930,Schuylkill,,
17931,Schuylkill,,
17932,Schuylkill,,
17933,Schuylkill,,
17934,Schuylkill,,
17935,Schuylkill,,
17936,Schuylkill,,
17938,Schuylkill,,
17941,Schuylkill,,
17942,Schuylkill,,
17943,Schuylkill,,
17944,Schuylkill,,
17945,Schuylkill,,
17946,Schuylkill,,
17948,Schuylkill,,
17949,Schuylkill,,
17951,Schuylkill,,
17952,Schuylkill,,
17953,Schuylkill,,
17954,Schuylkill,,
17957,Schuylkill,,
17959,Schuylkill,,
17960,Schuylkill,,
17961,Schuylkill,,
17963,Schuylkill,,
17964,Schuylkill,,
17965,Schuylkill,,
17966,Schuylkill,,
17967,Schuylkill,,
17968,Schuylkill,,
17970,Schuylkill,,
17972,Schuylkill,,
17974,Schuylkill,,
17976,Schuylkill,,
17978,Schuylkill,,
17979,Schuylkill,,
17980,Schuylkill,,
17981,Schuylkill,,
17982,Schuylkill,,
17983,Schuylkill,,
17985,Schuylkill,,
18001,Northampton,,
18002,Northampton,,
18003,Northampton,,
18010,Northampton,,
18011,Lehigh,,
18012,Carbon,,
18013,Northampton,,
18014,Northampton,,
18015,Northampton,,
18016,Northampton,,
18017,Northampton,,
18018,Northampton,,
18020,Northampton,,
18025,Lehigh,,
18030,Carbon,,
18031,Lehigh,,
18032,Lehigh,,
18034,Lehigh,,
18035,Northampton,,
18036,Lehigh,,
18037,Lehigh,,
18038,Northampton,,
18039,Bucks,,
18040,Northampton,,
18041,Montgomery,,
18042,Northampton,,
18043,Northampton,,
18044,Northampton,,
18045,Northampton,,
18046,Lehigh,,
18049,Lehigh,,
18050,Northampton,,
18051,Lehigh,,
18052,Lehigh,,
18053,Lehigh,,
18054,Montgomery,,
18055,Northampton,,
18056,Berks,,
18058,Monroe,,
18059,Lehigh,,
18060,Lehigh,,
18062,Lehigh,,
18063,Northampton,,
18064,Northampton,,
18065,Lehigh,,
18066,Lehigh,,
18067,Northampton,,
18068,Lehigh,,
18069,Lehigh,,
18070,Montgomery,,
18071,Carbon,,
18072,Northampton,,
18073,Montgomery,,
18074,Montgomery,,
18076,Montgomery,,
18077,Bucks,,
18078,Lehigh,,
18079,Lehigh,,
18080,Lehigh,,
18081,Bucks,,
18083,Northampton,,
18084,Montgomery,,
18085,Northampton,,
18086,Northampton,,
18087,Lehigh,,
18088,Northampton,,
18091,Northampton,,
18092,Lehigh,,
18098,Lehigh,,
18099,Lehigh,,
18101,Lehigh,,
18102,Lehigh,,
18103,Lehigh,,
18104,Lehigh,,
18105,Lehigh,,
18106,Lehigh,,
18109,Lehigh,,
18175,Lehigh,,
18195,Lehigh,,
18201,Luzerne,,
18202,Luzerne,,
18210,Carbon,,
18211,Schuylkill,,
18212,Carbon,,
18214,Schuylkill,,
18216,Carbon,,
18218,Schuylkill,,
18219,Luzerne,,
18220,Schuylkill,,
18221,Luzerne,,
18222,Luzerne,,
18223,Luzerne,,
18224,Luzerne,,
18225,Luzerne,,
18229,Carbon,,
18230,Carbon,,
18231,Schuylkill,,
18232,Carbon,,
18234,Luzerne,,
18235,Carbon,,
18237,Schuylkill,,
18239,Luzerne,,
18240,Carbon,,
18241,Schuylkill,,
18242,Schuylkill,,
18244,Carbon,,
18245,Schuylkill,,
18246,Luzerne,,
18247,Luzerne,,
18248,Schuylkill,,
18249,Luzerne,,
18250,Carbon,,
18251,Luzerne,,
18252,Schuylkill,,
18254,Carbon,,
18255,Carbon,,
18256,Luzerne,,
18301,Monroe,,
18302,Monroe,,
18320,Monroe,,
18321,Monroe,,
18322,Monroe,,
18323,Monroe,,
18324,Pike,,
18325,Monroe,,
18326,Monroe,,
18327,Monroe,,
18328,Pike,,
18330,Monroe,,
18331,Monroe,,
18332,Monroe,,
18333,Monroe,,
18334,Monroe,,
18335,Monroe,,
18336,Pike,,
18337,Pike,,
18340,Pike,,
18341,Monroe,,
18342,Monroe,,
18343,Northampton,,
18344,Monroe,,
18346,Monroe,,
18347,Monroe,,
18348,Monroe,,
18349,Monroe,,
18350,Monroe,,
18351,Northampton,,
18352,Monroe,,
18353,Monroe,,
18354,Monroe,,
18355,Monroe,,
18356,Monroe,,
18357,Monroe,,
18360,Monroe,,
18370,Monroe,,
18371,Pike,,
18372,Monroe,,
18373,Pike,,
18403,Lackawanna,,
18405,Wayne,,
18407,Lackawanna,,
18410,Lackawanna,,
18411,Lackawanna,,
18413,Susquehanna,,
18414,Lackawanna,,
18415,Wayne,,
18416,Lackawanna,,
18417,Wayne,,
18419,Wyoming,,
18420,Lackawanna,,
18421,Susquehanna,,
18424,Wayne,,
18425,Pike,,
18426,Pike,,
18427,Wayne,,
18428,Pike,,
18430,Susquehanna,,
18431,Wayne,,
18433,Lackawanna,,
18434,Lackawanna,,
18435,Pike,,
18436,Wayne,,
18437,Wayne,,
18438,Wayne,,
18439,Wayne,,
18440,Lackawanna,,
18441,Susquehanna,,
18443,Wayne,,
18444,Lackawanna,,
18445,Wayne,,
18446,Wyoming,,
18447,Lackawanna,,
18448,Lackawanna,,
18449,Wayne,,
18451,Pike,,
18452,Lackawanna,,
18453,Wayne,,
18454,Wayne,,
18455,Wayne,,
18456,Wayne,,
18457,Pike,,
18458,Pike,,
18459,Wayne,,
18460,Wayne,,
18461,Wayne,,
18462,Wayne,,
18463,Wayne,,
18464,Pike,,
18465,Susquehanna,,
18466,Monroe,,
18469,Wayne,,
18470,Susquehanna,,
18471,Lackawanna,,
18472,Wayne,,
18473,Wayne,,
18501,Lackawanna,,
18502,Lackawanna,,
18503,Lackawanna,,
18504,Lackawanna,,
18505,Lackawanna,,
18507,Lackawanna,,
18508,Lackawanna,,
18509,Lackawanna,,
18510,Lackawanna,,
18512,Lackawanna,,
18514,Lackawanna,,
18515,Lackawanna,,
18517,Lackawanna,,
18518,Lackawanna,,
18519,Lackawanna,,
18522,Lackawanna,,
18540,Lackawanna,,
18577,Lackawanna,,
18601,Luzerne,,
18602,Luzerne,,
18603,Columbia,,
18610,Monroe,,
18611,Luzerne,,
18612,Luzerne,,
18614,Sullivan,,
18615,Wyoming,,
18616,Sullivan,,
18617,Luzerne,,
18618,Luzerne,,
18619,Sullivan,,
18621,Luzerne,,
18622,Luzerne,,
18623,Wyoming,,
18624,Carbon,,
18625,Wyoming,,
18626,Sullivan,,
18627,Luzerne,,
18628,Sullivan,,
18629,Wyoming,,
18630,Wyoming,,
18631,Columbia,,
18632,Sullivan,,
18634,Luzerne,,
18635,Luzerne,,
18636,Wyoming,,
18640,Luzerne,,
18641,Luzerne,,
18642,Luzerne,,
18643,Luzerne,,
18644,Luzerne,,
18651,Luzerne,,
18653,Lackawanna,,
18654,Luzerne,,
18655,Luzerne,,
18656,Luzerne,,
18657,Wyoming,,
18660,Luzerne,,
18661,Luzerne,,
18690,Luzerne,,
18701,Luzerne,,
18702,Luzerne,,
18703,Luzerne,,
18704,Luzerne,,
18705,Luzerne,,
18706,Luzerne,,
18707,Luzerne,,
18708,Luzerne,,
18709,Luzerne,,
18710,Luzerne,,
18711,Luzerne,,
18762,Luzerne,,
18764,Luzerne,,
18765,Luzerne,,
18766,Luzerne,,
18767,Luzerne,,
18769,Luzerne,,
18773,Luzerne,,
18801,Susquehanna,,
18810,Bradford,,
18812,Susquehanna,,
18813,Susquehanna,,
18814,Bradford,,
18815,Bradford,,
18816,Susquehanna,,
18817,Bradford,,
18818,Susquehanna,,
18820,Susquehanna,,
18821,Susquehanna,,
18822,Susquehanna,,
18823,Susquehanna,,
18824,Susquehanna,,
18825,Susquehanna,,
18826,Susquehanna,,
18827,Susquehanna,,
18828,Susquehanna,,
18829,Bradford,,
18830,Susquehanna,,
18831,Bradford,,
18832,Bradford,,
18833,Bradford,,
18834,Susquehanna,,
18837,Bradford,,
18840,Bradford,,
18842,Susquehanna,,
18843,Susquehanna,,
18844,Susquehanna,,
18845,Bradford,,
18846,Bradford,,
18847,Susquehanna,,
18848,Bradford,,
18850,Bradford,,
18851,Bradford,,
18853,Bradford,,
18854,Bradford,,
18901,Bucks,,
18902,Bucks,,
18910,Bucks,,
18911,Bucks,,
18912,Bucks,,
18913,Bucks,,
18914,Bucks,,
18915,Montgomery,,
18916,Bucks,,
18917,Bucks,,
18918,Montgomery,,
18920,Bucks,,
18921,Bucks,,
18922,Bucks,,
18923,Bucks,,
18924,Montgomery,,
18925,Bucks,,
18926,Bucks,,
18927,Bucks,,
18928,Bucks,,
18929,Bucks,,
18930,Bucks,,
18931,Bucks,,
18932,Bucks,,
18933,Bucks,,
18934,Bucks,,
18935,Bucks,,
18936,Montgomery,,
18938,Bucks,,
18940,Bucks,,
18942,Bucks,,
18943,Bucks,,
18944,Bucks,,
18946,Bucks,,
18947,Bucks,,
18949,Bucks,,
18950,Bucks,,
18951,Bucks,,
18953,Bucks,,
18954,Bucks,,
18955,Bucks,,
18956,Bucks,,
18957,Montgomery,,
18958,Montgomery,,
18960,Bucks,,
18962,Bucks,,
18963,Bucks,,
18964,Montgomery,,
18966,Bucks,,
18968,Bucks,,
18969,Montgomery,,
18970,Bucks,,
18971,Montgomery,,
18972,Bucks,,
18974,Bucks,,
18976,Bucks,,
18977,Bucks,,
18979,Montgomery,,
18980,Bucks,,
18981,Bucks,,
18991,Bucks,,
19001,Montgomery,,
19002,Montgomery,,
19003,Montgomery,,
19004,Montgomery,,
19006,Montgomery,,
19007,Bucks,,
19008,Delaware,,
19009,Montgomery,,
19010,Delaware,,
19012,Montgomery,,
19013,Delaware,,
19014,Delaware,,
19015,Delaware,,
19016,Delaware,,
19017,Delaware,,
19018,Delaware,,
19019,Philadelphia,,
19020,Bucks,,
19021,Bucks,,
19022,Delaware,,
19023,Delaware,,
19025,Montgomery,,
19026,Delaware,,
19027,Montgomery,,
19028,Delaware,,
19029,Delaware,,
19030,Bucks,,
19031,Montgomery,,
19032,Delaware,,
19033,Delaware,,
19034,Montgomery,,
19035,Montgomery,,
19036,Delaware,,
19037,Delaware,,
19038,Montgomery,,
19039,Delaware,,
19040,Montgomery,,
19041,Montgomery,,
19043,Delaware,,
19044,Montgomery,,
19046,Montgomery,,
19047,Bucks,,
19048,Bucks,,
19049,Bucks,,
19050,Delaware,,
19052,Delaware,,
19053,Bucks,,
19054,Bucks,,
19055,Bucks,,
19056,Bucks,,
19057,Bucks,,
19058,Bucks,,
19061,Delaware,,
19063,Delaware,,
19064,Delaware,,
19065,Delaware,,
19066,Montgomery,,
19067,Bucks,,
19070,Delaware,,
19072,Montgomery,,
19073,Delaware,,
19074,Delaware,,
19075,Montgomery,,
19076,Delaware,,
19078,Delaware,,
19079,Delaware,,
19080,Delaware,,
19081,Delaware,,
19082,Delaware,,
19083,Delaware,,
19085,Delaware,,
19086,Delaware,,
19087,Delaware,,
19088,Delaware,,
19089,Delaware,,
19090,Montgomery,,
19091,Delaware,,
19092,Philadelphia,,
19093,Philadelphia,,
19094,Delaware,,
19095,Montgomery,,
19096,Montgomery,,
19098,Delaware,,
19099,Philadelphia,,
19101,Philadelphia,,
19102,Philadelphia,,
19103,Philadelphia,,
19104,Philadelphia,,
19105,Philadelphia,,
19106,Philadelphia,,
19107,Philadelphia,,
19108,Philadelphia,,
19109,Philadelphia,,
19110,Philadelphia,,
19111,Philadelphia,,
19112,Philadelphia,,
19113,Delaware,,
19114,Philadelphia,,
19115,Philadelphia,,
19116,Philadelphia,,
19118,Philadelphia,,
19119,Philadelphia,,
19120,Philadelphia,,
19121,Philadelphia,,
19122,Philadelphia,,
19123,Philadelphia,,
19124,Philadelphia,,
19125,Philadelphia,,
19126,Philadelphia,,
19127,Philadelphia,,
19128,Philadelphia,,
19129,Philadelphia,,
19130,Philadelphia,,
19131,Philadelphia,,
19132,Philadelphia,,
19133,Philadelphia,,
19134,Philadelphia,,
19135,Philadelphia,,
19136,Philadelphia,,
19137,Philadelphia,,
19138,Philadelphia,,
19139,Philadelphia,,
19140,Philadelphia,,
19141,Philadelphia,,
19142,Philadelphia,,
19143,Philadelphia,,
19144,Philadelphia,,
19145,Philadelphia,,
19146,Philadelphia,,
19147,Philadelphia,,
19148,Philadelphia,,
19149,Philadelphia,,
19150,Philadelphia,,
19151,Philadelphia,,
19152,Philadelphia,,
19153,Philadelphia,,
19154,Philadelphia,,
19155,Philadelphia,,
19160,Philadelphia,,
19161,Philadelphia,,
19162,Philadelphia,,
19170,Philadelphia,,
19171,Philadelphia,,
19172,Philadelphia,,
19173,Philadelphia,,
19175,Philadelphia,,
19176,Philadelphia,,
19177,Philadelphia,,
19178,Philadelphia,,
19179,Philadelphia,,
19181,Philadelphia,,
19182,Philadelphia,,
19183,Philadelphia,,
19184,Philadelphia,,
19185,Philadelphia,,
19187,Philadelphia,,
19188,Philadelphia,,
19191,Philadelphia,,
19192,Philadelphia,,
19193,Philadelphia,,
19194,Philadelphia,,
19195,Philadelphia,,
19196,Philadelphia,,
19197,Philadelphia,,
19244,Philadelphia,,
19255,Philadelphia,,
19301,Chester,,
19310,Chester,,
19311,Chester,,
19312,Chester,,
19316,Chester,,
19317,Delaware,,
19318,Chester,,
19319,Delaware,,
19320,Chester,,
19330,Chester,,
19331,Delaware,,
19333,Chester,,
19335,Chester,,
19339,Delaware,,
19340,Delaware,,
19341,Chester,,
19342,Delaware,,
19343,Chester,,
19344,Chester,,
19345,Chester,,
19346,Chester,,
19347,Chester,,
19348,Chester,,
19350,Chester,,
19351,Chester,,
19352,Chester,,
19353,Chester,,
19354,Chester,,
19355,Chester,,
19357,Chester,,
19358,Chester,,
19360,Chester,,
19362,Chester,,
19363,Chester,,
19365,Chester,,
19366,Chester,,
19367,Chester,,
19369,Chester,,
19371,Chester,,
19372,Chester,,
19373,Delaware,,
19374,Chester,,
19375,Chester,,
19376,Chester,,
19380,Chester,,
19381,Chester,,
19382,Chester,,
19383,Chester,,
19390,Chester,,
19395,Chester,,
19397,Chester,,
19398,Chester,,
19399,Chester,,
19401,Montgomery,,
19403,Montgomery,,
19404,Montgomery,,
19405,Montgomery,,
19406,Montgomery,,
19407,Montgomery,,
19408,Montgomery,,
19409,Montgomery,,
19415,Montgomery,,
19420,Montgomery,,
19421,Chester,,
19422,Montgomery,,
19423,Montgomery,,
19424,Montgomery,,
19425,Chester,,
19426,Montgomery,,
19428,Montgomery,,
19429,Montgomery,,
19430,Montgomery,,
19432,Chester,,
19435,Montgomery,,
19436,Montgomery,,
19437,Montgomery,,
19438,Montgomery,,
19440,Montgomery,,
19441,Montgomery,,
19442,Chester,,
19443,Montgomery,,
19444,Montgomery,,
19446,Montgomery,,
19450,Montgomery,,
19451,Montgomery,,
19453,Montgomery,,
19454,Montgomery,,
19455,Montgomery,,
19456,Montgomery,,
19457,Chester,,
19460,Chester,,
19462,Montgomery,,
19464,Montgomery,,
19465,Chester,,
19468,Montgomery,,
19470,Chester,,
19472,Montgomery,,
19473,Montgomery,,
19474,Montgomery,,
19475,Chester,,
19477,Montgomery,,
19478,Montgomery,,
19480,Chester,,
19481,Chester,,
19482,Chester,,
19483,Montgomery,,
19484,Montgomery,,
19485,Montgomery,,
19486,Montgomery,,
19487,Chester,,
19488,Chester,,
19489,Chester,,
19490,Montgomery,,
19492,Montgomery,,
19493,Chester,,
19494,Chester,,
19495,Chester,,
19496,Chester,,
19501,Lancaster,,
19503,Berks,,
19504,Berks,,
19505,Berks,,
19506,Berks,,
19507,Berks,,
19508,Berks,,
19510,Berks,,
19511,Berks,,
19512,Berks,,
19516,Berks,,
19518,Berks,,
19519,Berks,,
19520,Chester,,
19522,Berks,,
19523,Berks,,
19525,Montgomery,,
19526,Berks,,
19529,Berks,,
19530,Berks,,
19533,Berks,,
19534,Berks,,
19535,Berks,,
19536,Berks,,
19538,Berks,,
19539,Berks,,
19540,Berks,,
19541,Berks,,
19542,Berks,,
19543,Berks,,
19544,Berks,,
19545,Berks,,
19547,Berks,,
19548,Berks,,
19549,Schuylkill,,
19550,Berks,,
19551,Berks,,
19554,Berks,,
19555,Berks,,
19559,Berks,,
19560,Berks,,
19562,Berks,,
19564,Berks,,
19565,Berks,,
19567,Berks,,
19601,Berks,,
19602,Berks,,
19603,Berks,,
19604,Berks,,
19605,Berks,,
19606,Berks,,
19607,Berks,,
19608,Berks,,
19609,Berks,,
19610,Berks,,
19611,Berks,,
19612,Berks,,
19640,Berks,,